25-Mar-2013,SMILE,SOURIRE
26-Mar-2013,CUP,TASSE
27-Mar-2013,CHILDHOOD,ENFANCE
28-Mar-2013,OUTDOORS,PLEIN AIR
29-Mar-2013,NUTRITION,NUTRITION
30-Mar-2013,PICNIC,PIQUE-NIQUE
31-Mar-2013,EASTER,PÂQUES
1-Apr-2013,FUN,PLAISIR
2-Apr-2013,SNACK,COLLATION
3-Apr-2013,WARM,CHAUD
4-Apr-2013,BIRTHDAY,FÊTE
5-Apr-2013,CEREAL,CÉRÉALES
6-Apr-2013,DIP,TREMPER
7-Apr-2013,ENERGY,ÉNERGIE
8-Apr-2013,COOKIE,BISCUIT
9-Apr-2013,HAPPINESS,BONHEUR
10-Apr-2013,JOY,JOIE
11-Apr-2013,FRIENDSHIP,AMITIÉ
12-Apr-2013,BEVERAGE,BREUVAGE
13-Apr-2013,CAMPING,CAMPING
14-Apr-2013,FITNESS,EXERCICE
15-Apr-2013,CUPCAKE,GÂTEAU
16-Apr-2013,PLAYTIME,RÉCRÉATION
17-Apr-2013,COMFORT,CONFORT
18-Apr-2013,PURMOMENT,PURMOMENT
19-Apr-2013,CAPPUCCINO,CAPPUCCINO
20-Apr-2013,TASTE,GOÛTER
21-Apr-2013,ICE CREAM,CRÈME GLACÉE
22-Apr-2013,CALCIUM,CALCIUM
23-Apr-2013,BUBBLES,BULLES
24-Apr-2013,TOGETHER,ENSEMBLE
25-Apr-2013,PANCAKES,CRÊPES
26-Apr-2013,TODDLER,BAMBINE
27-Apr-2013,FRIENDS,AMIES
28-Apr-2013,MEMORIES,SOUVENIRS
29-Apr-2013,MILK,LAIT
30-Apr-2013,CALM,CALME
1-May-2013,RELAXING,RELAXER
2-May-2013,NATURE,NATURE
3-May-2013,KITCHEN,CUISINE
4-May-2013,SHINE,ÉCLAT
5-May-2013,BAKING,CUISINER
6-May-2013,POUR,VERSER
7-May-2013,MILKSHAKE,FRAPPÉ
8-May-2013,SMOOTHIE,SMOOTHIE
9-May-2013,FAMILY,FAMILLE
10-May-2013,GOODNESS,BIENFAITS
11-May-2013,SHARING,PARTAGER
12-May-2013,AFFECTION,TENDRESSE
13-May-2013,LATTE,LATTÉ
14-May-2013,BREAKFAST,DÉJEUNER
15-May-2013,SIBLINGS,PARENTÉ
16-May-2013,SPORTS,SPORT
17-May-2013,COW,VACHE
18-May-2013,DESSERT,DESSERT
19-May-2013,TEETH,DENTS
20-May-2013,THIRST,SOIF
21-May-2013,GOURMET,GOURMET
22-May-2013,SMILE,SOURIRE
23-May-2013,TRIUMPH,RÉUSSITE
24-May-2013,HAPPY,HEUREUSE
25-May-2013,TEACHING,ENSEIGNER
26-May-2013,DELIGHT,DÉLICE
27-May-2013,LOVE,AMOUR
28-May-2013,CONTENT,COMBLÉE
29-May-2013,FARM,FERME
30-May-2013,YUMMY,DÉLICIEUX
31-May-2013,GENERATION,GÉNÉRATION
1-Jun-2013,STRENGTH,FORCE
2-Jun-2013,FROTH,MOUSSE
3-Jun-2013,SPLASH,ARROSER
4-Jun-2013,FARMER,FERMIER
5-Jun-2013,COLD,FROID
6-Jun-2013,HOBBY,LOISIR
7-Jun-2013,WHOLESOME,SAIN
8-Jun-2013,BEACH,PLAGE
9-Jun-2013,SURPRISE,SURPRISE
10-Jun-2013,LAUGHTER,RIRE
11-Jun-2013,CHEERS,SANTÉ
12-Jun-2013,YOGA,YOGA
13-Jun-2013,ENJOY,SAVOURER
14-Jun-2013,MISCHIEF,COQUIN
15-Jun-2013,SISTERS,SOEURS
16-Jun-2013,PARENTHOOD,PATERNITÉ
17-Jun-2013,CHATTING,BAVARDER
18-Jun-2013,HUG,CALIN
19-Jun-2013,COMPANION,COMPAGNES
20-Jun-2013,VACATION,VACANCES
21-Jun-2013,PLAYFUL,JOUER
22-Jun-2013,READING,LECTURE
23-Jun-2013,MENTOR,MENTOR
24-Jun-2013,TEAMWORK,ÉQUIPE